13,0.716033087,21.84987018,0.848261577,Budburstmintomaxdoublelogistic_SoS_threshold_NDVI13,1.815412548,7,2,4,13
8,0.714261311,22.67384791,0.738150413,Budburstmintomaxdoublelogistic_SoS_threshold_NDVI2,-3.286628268,11,7,9,27
20,0.715977353,22.76367221,0.691918406,Budburstmintomaxdoublelogistic_SoS_threshold_NDVI1,8.631739079,8,8,16,32
14,0.670889861,22.42504638,0.847679584,Budburstmintomaxdoublelogistic_SoS_threshold_EVI13,3.407249283,34,3,5,42
9,0.668529922,22.77017134,0.932977029,Budburstmintomaxdoublelogistic_SoS_threshold_EVI2,-1.633567043,38,9,1,48
10,0.660617135,22.4324393,0.758626689,Budburstfilterdoublelogistic_SoS_threshold_NDVI13,-4.307036431,42,4,8,54
17,0.663856016,21.6751425,0.701345506,Budburstfilterdoublelogistic_SoS_threshold_NDVI1,2.795004385,39,1,15,55
10,0.704560484,24.45909438,0.594508231,Budburstmintomaxdoublelogistic_SoS_threshold_NDGI13,7.692963569,18,22,32,72
12,0.626364847,23.43507231,0.876373358,Budburstfilter_cubic_SoS_threshold_PPI13,0.060310508,56,15,2,73
4,0.704404321,24.1121628,0.577521623,Budburstmintomaxdoublelogistic_SoS_threshold_NDGI2,2.795004385,19,19,38,76
21,0.671863226,23.85893016,0.598125932,Budburstmintomaxdoublelogistic_SoS_threshold_EVI1,10.01949418,33,17,31,81
1,0.669662594,25.19466883,0.645589649,Budburstmintomaxdoublelogistic_SoS_threshold_EVI3,-9.245811941,36,24,23,83
7,0.618248004,22.84662163,0.714569836,Budburstfilter_cubic_SoS_threshold_NDVI2,-0.531526227,58,12,14,84
5,0.661032363,24.32963904,0.635968198,Budburstfilterdoublelogistic_SoS_threshold_NDVI2,-9.653975207,40,21,26,87
0,0.707375273,25.25984426,0.484070401,Budburstdoublelogistic_SoS_threshold_NDVI3,-7.960097656,16,25,51,92
5,0.615813749,22.60580103,0.63861887,Budburstfilter_cubic_SoS_threshold_NDPI13,0.978677854,63,6,25,94
11,0.695161935,24.71040462,0.547393122,Budburstfilterdoublelogistic_SoS_threshold_NDGI13,3.427657446,28,23,43,94
18,0.697520037,25.46094756,0.54381138,Budburstfilterdoublelogistic_SoS_threshold_NDGI1,10.121535,24,27,44,95
10,0.614987072,22.84439548,0.656552452,Budburstfilterdoublelogistic_SoS_threshold_EVI13,-2.388669084,64,11,22,97
0,0.712505219,26.04393988,0.441449983,Budburstmintomaxdoublelogistic_SoS_threshold_NDVI3,-11.20499561,12,32,58,102
4,0.636298268,25.78378442,0.684218021,Budburstfilter_cubic_SoS_threshold_PPI2,-8.409077248,55,30,18,103
14,0.637135649,22.58813921,0.53562307,Budburstfilter_cubic_SoS_threshold_NDVI13,5.897045201,54,5,46,105
17,0.703563274,26.44258072,0.474253629,Budburstmintomaxdoublelogistic_SoS_threshold_NDGI1,14.16235132,21,34,52,107
5,0.696401247,25.27984316,0.441773783,Budburstfilterdoublelogistic_SoS_threshold_NDGI2,-1.55193439,25,26,57,108
19,0.624568409,23.87212325,0.578927551,Budburstfilter_cubic_SoS_threshold_PPI1,7.897045201,57,18,36,111
17,0.617276303,22.8274174,0.558446165,Budburstfilterdoublelogistic_SoS_threshold_EVI1,4.611330916,60,10,41,111
4,0.616100001,24.14782562,0.6108563,Budburstfilterdoublelogistic_SoS_threshold_EVI2,-7.592750717,62,20,30,112
-4,0.703426105,25.56938715,0.395851536,Budburstmintomaxdoublelogistic_SoS_threshold_NDGI3,-4.715199697,22,29,68,119
8,0.596580657,22.91180281,0.578636267,Budburstfilter_cubic_SoS_threshold_EVI2,1.346024793,70,13,37,120
10,0.617360486,23.24195254,0.436163091,Budburstfilter_cubic_SoS_threshold_NDPI1,7.223575814,59,14,60,133
0,0.566807448,25.55741364,0.719933443,Budburstfilter_cubic_SoS_threshold_NDPI2,-5.939689492,93,28,13,134
-6,0.677853629,27.96813986,0.421628287,Budburstdoublelogistic_SoS_threshold_EVI4,-14.16417929,31,41,63,135
-1,0.563147896,27.17366344,0.734714408,Budburstfilter_cubic_SoS_threshold_NDGI3,-7.347852758,94,36,10,140
12,0.528967334,26.01725809,0.723248121,Budburstfilter_cubic_SoS_threshold_NDGI2,4.427657446,100,31,12,143
-7,0.715711363,28.89844015,0.228918392,Budburstdoublelogistic_SoS_threshold_NDVI4,-15.55193439,9,46,88,143
15,0.603512234,23.70076481,0.413962324,Budburstfilter_cubic_SoS_threshold_EVI13,7.754188059,68,16,64,148
-6,0.669290113,28.66259953,0.400715029,Budburstmintomaxdoublelogistic_SoS_threshold_EVI4,-15.53152623,37,45,67,149
-4,0.607391617,27.23733513,0.535188071,Budburstfilter_cubic_SoS_threshold_NDVI3,-12.69479153,67,37,47,151
1,0.659338484,27.36954288,0.386428617,Budburstdoublelogistic_SoS_threshold_EVI3,-5.61315888,44,39,69,152
-7,0.711360661,30.05738715,0.187775342,Budburstmintomaxdoublelogistic_SoS_threshold_NDVI4,-17.53152623,13,49,94,156
-4,0.660642611,29.06000986,0.365613959,Budburstfilterdoublelogistic_SoS_threshold_NDVI3,-17.81724051,41,47,71,159
-11,0.704796785,28.34864518,0.163117318,Budburstmintomaxdoublelogistic_SoS_threshold_NDGI4,-10.83764868,17,44,101,162
-4,0.560856014,26.99327441,0.573413319,Budburstfilter_cubic_SoS_threshold_EVI3,-10.47030174,95,35,40,170
-5,0.697865013,31.6837977,0.192236761,Budburstfilter_cubic_SoS_threshold_PPI3,-21.7151997,23,54,93,170
-3,0.69461803,28.2321001,0.177148319,Budburstfilterdoublelogistic_SoS_threshold_NDGI3,-9.266220105,29,43,98,170
-4,0.614959432,28.14068065,0.413195298,Budburstfilterdoublelogistic_SoS_threshold_EVI3,-15.61315888,65,42,65,172
-12,0.676675286,31.84372022,0.198235072,Budburstdoublelogistic_SoS_threshold_EVI5,-20.16417929,32,57,92,181
-11,0.579817288,30.07920673,0.455948681,Budburstfilter_cubic_SoS_threshold_NDPI3,-15.14377113,87,50,53,190
22,0.586301161,26.35817634,0.287035373,Budburstfilter_cubic_SoS_threshold_NDVI1,13.2848003,79,33,78,190
17,0.586886079,29.81426442,0.407299192,Budburstfilterdoublelogistic_SoS_threshold_PPI1,-6.776424186,78,48,66,192
-12,0.670442943,32.53169577,0.177928637,Budburstmintomaxdoublelogistic_SoS_threshold_EVI5,-21.22540378,35,62,97,194
-13,0.715188882,33.32772412,-0.013669301,Budburstdoublelogistic_SoS_threshold_NDVI5,-21.878465,10,66,124,200
19,0.490849968,27.903548,0.450235494,Budburstfilter_cubic_SoS_threshold_NDGI13,10.97867785,109,40,54,203
-17,0.70418192,31.76474107,-0.062314311,Budburstmintomaxdoublelogistic_SoS_threshold_NDGI5,-16.34785276,20,56,129,205
-13,0.710681759,34.3722451,-0.04716093,Budburstmintomaxdoublelogistic_SoS_threshold_NDVI5,-23.32744459,14,70,126,210
14,0.640275131,31.07476286,0.106801451,Budburstdoublelogistic_SoS_threshold_EVI13,11.121535,53,52,107,212
-10,0.695768048,31.76217722,-0.068238066,Budburstfilterdoublelogistic_SoS_threshold_NDGI4,-15.44989357,27,55,130,212
-10,0.659759507,33.96029088,0.123463942,Budburstfilterdoublelogistic_SoS_threshold_NDVI4,-24.51111806,43,69,105,217
22,0.571194293,27.29683713,0.208105368,Budburstfilter_cubic_SoS_threshold_EVI1,14.7337799,90,38,90,218
-10,0.613252005,32.53120256,0.203678719,Budburstfilterdoublelogistic_SoS_threshold_EVI4,-22.12336296,66,61,91,218
-10,0.580481485,32.34215981,0.328837742,Budburstfilter_cubic_SoS_threshold_NDGI4,-17.73560786,86,60,74,220
5,0.55011733,31.14041299,0.347253118,Budburstcubic_SoS_threshold_EVI3,3.509290099,96,53,72,221
9,0.647632165,30.41780656,0.010451911,Budburstdoublelogistic_SoS_threshold_EVI2,5.346024793,50,51,121,222
-9,0.340869157,33.8299595,0.76296484,Budburstmintomaxcubic_SoS_threshold_EVI3,-0.939689492,149,68,7,224
-12,0.569674893,32.69425433,0.249543246,Budburstfilter_cubic_SoS_threshold_EVI4,-20.83764868,91,65,83,239
-13,0.5920629,34.55623092,0.158123022,Budburstfilter_cubic_SoS_threshold_NDVI4,-23.63356704,71,71,102,244
10,0.588066088,33.55884604,0.106455499,Budburstfilterdoublelogistic_SoS_threshold_PPI13,-14.28662827,73,67,108,248
-7,0.574340343,32.30661602,0.12893363,Budburstcubic_SoS_threshold_EVI4,-7.021322146,88,58,104,250
-16,0.696335211,35.6836985,-0.307965598,Budburstfilterdoublelogistic_SoS_threshold_NDGI5,-21.04173031,26,75,152,253
28,0.28201916,35.83567139,0.689681302,BudburstmintomaxSoS_threshold_PPI1,4.080718671,164,76,17,257
23,0.327346921,35.40764583,0.612899343,BudburstmintomaxSoS_threshold_PPI13,-4.898873166,155,73,29,257
-15,0.599972722,35.12773696,0.024337254,Budburstcubic_SoS_threshold_EVI5,-18.51111806,69,72,118,259
-9,0.587189098,32.62611718,0.014246919,Budburstcubic_SoS_threshold_NDVI4,-6.449893574,77,64,120,261
15,0.582291663,32.59001505,0.02263214,Budburstmintomaxdoublelogistic_SoS_threshold_PPI1,-5.347852758,81,63,119,263
22,0.488389996,35.65967561,0.260113296,Budburstcubic_SoS_threshold_EVI2,17.42765745,110,74,81,265
-16,0.616741222,36.87864538,0.00419383,Budburstfilterdoublelogistic_SoS_threshold_EVI5,-27.91928133,61,85,122,268
-16,0.658401038,38.86099674,-0.099154156,Budburstfilterdoublelogistic_SoS_threshold_NDVI5,-30.4907099,45,98,133,276
-17,0.32234861,36.15049192,0.539068067,Budburstmintomaxcubic_SoS_threshold_EVI4,-10.2662201,156,81,45,282
19,0.304886803,36.43657992,0.557867643,BudburstfilterSoS_threshold_NDPI2,2.958269691,158,83,42,283
-14,0.273655407,36.9368104,0.589677483,Budburstmintomaxcubic_SoS_threshold_NDVI4,-5.960097656,168,86,33,287
-14,0.709412421,42.15974481,-0.305460415,Budburstfilter_cubic_SoS_threshold_PPI4,-34.85805684,15,121,151,287
25,0.399446611,32.34131037,0.174989132,Budburstfilter_cubic_SoS_threshold_NDGI1,17.99908602,130,59,99,288
-19,0.581208644,37.55329112,0.040413669,Budburstfilter_cubic_SoS_threshold_NDPI4,-25.36826092,84,89,115,288
23,0.295549929,36.95160077,0.53093533,BudburstfilterSoS_threshold_NDPI13,9.060310508,161,87,48,296
5,0.587868803,37.21105609,-0.131424234,Budburstfilterdoublelogistic_SoS_threshold_PPI2,-19.96009766,74,88,134,296
22,0.053407841,37.65000343,0.871338591,BudburstmintomaxSoS_threshold_NDVI2,1.223575814,212,92,3,307
2,0.265770609,37.55754509,0.501710282,Budburstmintomaxcubic_SoS_threshold_EVI2,12.91745336,170,90,50,310
8,0.358257387,37.84239159,0.308114057,BudburstmintomaxSoS_threshold_PPI2,-12.4907099,142,93,76,311
8,0.496226954,35.99492674,-0.054647505,Budburstdoublelogistic_SoS_threshold_NDVI2,6.20316765,106,79,127,312
8,0.58218568,36.18656241,-0.283598185,Budburstmintomaxdoublelogistic_SoS_threshold_PPI13,-12.79683235,82,82,150,314
-18,0.590296991,37.58260734,-0.320294493,Budburstcubic_SoS_threshold_NDVI5,-17.34785276,72,91,155,318
4,0.161736184,38.77326725,0.588078662,BudburstmintomaxSoS_threshold_NDVI3,-10.69479153,191,96,34,321
-23,0.341729641,38.80573642,0.280277407,Budburstmintomaxcubic_SoS_threshold_EVI5,-19.14377113,148,97,79,324
-26,0.568683104,39.96039131,-0.062053102,Budburstfilter_cubic_SoS_threshold_NDGI5,-28.51111806,92,105,128,325
-5,0.249712491,38.87918925,0.446241408,Budburstmintomaxcubic_SoS_threshold_NDVI3,7.570514589,172,99,55,326
1,0.482901483,36.56231049,-0.070035354,Budburstcubic_SoS_threshold_NDVI3,6.611330916,113,84,131,328
22,-0.016214804,35.96779949,0.622259122,BudburstfilterSoS_threshold_EVI2,1.162351324,227,78,28,333
22,-0.069692018,39.03818182,0.796507794,BudburstfilterSoS_threshold_NDVI2,-1.307036431,232,100,6,338
24,-0.016824611,38.21024182,0.644489441,BudburstmintomaxSoS_threshold_NDVI13,7.32561663,228,94,24,346
-22,0.549511292,40.78565564,-0.160114075,Budburstfilter_cubic_SoS_threshold_EVI5,-32.06213847,98,110,138,346
8,0.274731597,39.68761878,0.25003845,BudburstfilterSoS_threshold_PPI2,2.999086018,166,102,82,350
4,0.135953396,38.64745027,0.434537575,BudburstfilterSoS_threshold_NDVI3,-15.28662827,194,95,62,351
22,-0.0702954,40.51577783,0.730265502,BudburstmintomaxSoS_threshold_EVI2,6.590922752,234,108,11,353
9,0.296616917,40.00208917,0.219204197,BudburstfilterSoS_threshold_NDPI3,-10.81724051,159,106,89,354
31,0.405997434,41.61340865,0.032267332,Budburstcubic_SoS_threshold_EVI13,25.16235132,127,113,116,356
3,0.581302897,39.71615543,-0.533021874,Budburstmintomaxdoublelogistic_SoS_threshold_PPI2,-18.47030174,83,103,170,356
-24,0.573985358,43.26883424,-0.25616263,Budburstfilter_cubic_SoS_threshold_NDVI5,-35.16417929,89,127,147,363
5,0.029194679,35.87141631,0.374496527,BudburstfilterSoS_threshold_EVI3,-11.36826092,217,77,70,364
5,-0.016889173,36.08823164,0.443006916,BudburstmintomaxSoS_threshold_EVI3,-8.837648676,229,80,56,365
13,0.724709611,44.71411387,-2.04356637,Budburstfilterdoublelogistic_SoS_threshold_NDPI1,19.57051459,2,139,229,370
24,-0.152049313,40.10181489,0.679119362,BudburstfilterSoS_threshold_NDVI13,5.346024793,245,107,19,371
-3,0.587459404,43.7818251,-0.513853417,Budburstfilterdoublelogistic_SoS_threshold_PPI3,-28.67438337,75,132,169,376
26,0.211592152,41.50912249,0.232517169,BudburstfilterSoS_threshold_NDPI1,21.32561663,182,112,86,380
-21,0.238181862,41.90337685,0.230367537,Budburstmintomaxcubic_SoS_threshold_NDVI5,-16.47030174,176,117,87,380
5,0.724281583,45.00616656,-2.446698325,Budburstfilterdoublelogistic_SoS_threshold_NDPI13,13.46847377,4,143,233,380
5,-0.155487733,39.07473715,0.576821538,BudburstSoS_threshold_EVI3,-6.388669084,247,101,39,387
0,0.723515841,45.96970518,-2.790586182,Budburstfilterdoublelogistic_SoS_threshold_NDPI2,8.876637038,6,146,237,389
8,0.189530601,41.99229299,0.249266836,Budburstmintomaxcubic_SoS_threshold_EVI13,20.65214724,189,119,84,392
4,-0.12262687,43.89568626,0.665825509,BudburstfilterSoS_threshold_NDGI3,-7.878465003,240,133,21,394
-29,0.685956382,52.60802918,-0.718245767,Budburstfilter_cubic_SoS_threshold_PPI5,-46.20499561,30,186,178,394
23,-0.135070686,39.86775328,0.511250492,BudburstfilterSoS_threshold_EVI13,10.14194316,242,104,49,395
16,0.382077619,43.64571118,-0.158642779,Budburstcubic_SoS_threshold_NDVI2,22.48888194,134,129,137,400
-16,0.239572872,41.7810182,0.0928222,Budburstmintomaxcubic_SoS_threshold_NDGI5,1.876637038,175,116,110,401
-10,0.469403591,40.73414884,-0.666483846,Budburstcubic_SoS_threshold_NDGI5,-0.388669084,116,109,176,401
4,-0.104827249,44.85810173,0.632599374,BudburstmintomaxSoS_threshold_NDGI3,-1.61315888,238,140,27,405
-25,0.549619193,46.05501259,-0.352623164,Budburstfilter_cubic_SoS_threshold_NDPI5,-34.69479153,97,148,160,405
26,-0.155174923,44.86081047,0.668649741,BudburstfilterSoS_threshold_NDGI2,6.754188059,246,141,20,407
-8,0.724206846,48.11073421,-3.308084817,Budburstfilterdoublelogistic_SoS_threshold_NDPI3,1.754188059,5,159,244,408
-9,0.200908427,41.74837367,0.05922412,BudburstmintomaxSoS_threshold_NDVI4,-25.42948541,187,115,112,414
0,0.442645136,44.58881301,-0.320621229,BudburstmintomaxSoS_threshold_PPI3,-25.55193439,121,138,156,415
-9,0.070295724,43.70180948,0.273569984,BudburstfilterSoS_threshold_NDGI4,-20.04173031,208,130,80,418
21,0.465771585,44.09830127,-0.429503008,Budburstdoublelogistic_SoS_threshold_EVI1,23.52969826,120,134,164,418
7,0.229344078,44.22310572,0.095469135,Budburstmintomaxcubic_SoS_threshold_NDVI2,23.06031051,179,135,109,423
5,0.408802046,42.9579786,-0.58798695,Budburstmintomaxcubic_SoS_threshold_NDPI2,10.121535,126,125,172,423
-11,0.466780499,41.91433812,-0.824466897,Budburstdoublelogistic_SoS_threshold_NDGI4,1.835820712,119,118,186,423
-6,0.580526807,45.955735,-0.92213783,Budburstmintomaxdoublelogistic_SoS_threshold_PPI3,-27.16417929,85,145,195,425
23,-0.126185157,42.68806063,0.435671211,BudburstmintomaxSoS_threshold_EVI13,14.79500439,241,124,61,426
28,-0.082165318,41.72686449,0.304026423,BudburstmintomaxSoS_threshold_NDVI1,17.48888194,237,114,77,428
-15,0.724628461,50.73879461,-3.769942551,Budburstfilterdoublelogistic_SoS_threshold_NDPI4,-4.082546635,3,176,249,428
26,-0.177890545,46.02874264,0.585014075,BudburstmintomaxSoS_threshold_NDGI2,9.101126834,251,147,35,433
13,0.471205192,44.35974822,-0.796693439,Budburstdoublelogistic_SoS_threshold_NDVI13,17.38684112,115,136,183,434
-10,0.587401119,49.70944766,-0.837149796,Budburstfilterdoublelogistic_SoS_threshold_PPI4,-35.77642419,76,172,188,436
-9,0.050711226,40.81940358,0.054596305,BudburstmintomaxSoS_threshold_EVI4,-23.00091398,213,111,113,437
-9,0.188861341,43.25251084,-0.045204741,BudburstfilterSoS_threshold_NDVI4,-28.08254664,190,126,125,441
9,0.132621589,44.98296177,0.107318898,BudburstmintomaxSoS_threshold_NDPI3,-11.51111806,195,142,106,443
-6,0.41837583,43.5412234,-0.850881687,Budburstmintomaxcubic_SoS_threshold_NDPI3,0.039902344,125,128,190,443
-17,0.467319363,43.77769699,-1.085781547,Budburstdoublelogistic_SoS_threshold_NDGI5,-4.368260921,118,131,199,448
-21,0.724975562,53.43280923,-4.162798139,Budburstfilterdoublelogistic_SoS_threshold_NDPI5,-9.409077248,1,193,257,451
28,-0.165231128,42.49477219,0.237131739,BudburstfilterSoS_threshold_EVI1,18.40724928,248,123,85,456
-9,0.047399837,42.08473516,-0.006064897,BudburstfilterSoS_threshold_EVI4,-25.02132215,214,120,123,457
-8,0.248961844,45.19712828,-0.182572563,Budburstmintomaxcubic_SoS_threshold_NDGI4,14.97867785,173,144,140,457
-9,0.287537336,47.05282854,-0.19581181,BudburstfilterSoS_threshold_NDPI4,-25.63356704,163,153,143,459
-9,-0.118410571,42.33634783,0.168645363,BudburstSoS_threshold_EVI4,-20.20499561,239,122,100,461
28,-0.187678768,44.54433311,0.328722095,BudburstfilterSoS_threshold_NDVI1,17.75418806,252,137,75,464
-9,0.018890436,46.84114993,0.183624548,BudburstmintomaxSoS_threshold_NDGI4,-12.02132215,219,151,96,466
-9,0.01801678,46.87076858,0.184998942,BudburstSoS_threshold_NDVI4,-21.06213847,220,152,95,467
3,0.373105189,46.12829547,-0.798835315,Budburstcubic_SoS_threshold_NDGI4,13.61133092,135,149,184,468
29,-0.217083133,47.16213811,0.438343752,BudburstmintomaxSoS_threshold_NDGI13,14.97867785,257,154,59,470
-13,0.506122032,52.68245369,-0.732081048,BudburstmintomaxSoS_threshold_PPI4,-39.36826092,104,188,179,471
17,0.274379888,48.40480358,-0.190045325,Budburstmintomaxcubic_SoS_threshold_NDVI13,31.79500439,167,164,141,472
15,0.646120228,52.59506161,-2.807871955,Budburstmintomaxdoublelogistic_SoS_threshold_NDPI1,22.32561663,52,185,238,475
23,0.103160937,47.59692836,0.029554934,BudburstfilterSoS_threshold_PPI13,21.01949418,203,156,117,476
67,0.296538045,48.96550861,-0.249321617,Budburstcubic_SoS_threshold_EVI1,34.46847377,160,170,146,476
0,0.203080242,46.77565794,-0.200579127,BudburstfilterSoS_threshold_PPI3,-16.57234255,184,150,144,478
4,0.260946526,48.35722476,-0.275954402,Budburstmintomaxcubic_SoS_threshold_NDGI3,25.44806561,171,162,149,482
-4,0.422354598,47.43693621,-1.234539067,Budburstdoublelogistic_SoS_threshold_NDGI3,12.93786153,124,155,205,484
8,0.647373678,53.16,-3.281163543,Budburstmintomaxdoublelogistic_SoS_threshold_NDPI13,16.65214724,51,190,243,484
-16,0.585248127,55.28034407,-1.122770875,Budburstfilterdoublelogistic_SoS_threshold_PPI5,-42.12336296,80,204,202,486
29,-0.193858518,48.32800038,0.338799426,BudburstfilterSoS_threshold_NDGI13,17.32561663,253,161,73,487
22,0.122784904,48.21032989,-0.095353787,Budburstmintomaxcubic_SoS_threshold_EVI1,30.57051459,200,160,132,492
3,0.648168502,54.08448874,-3.666730144,Budburstmintomaxdoublelogistic_SoS_threshold_NDPI2,12.2848003,49,196,247,492
-15,0.385211704,47.88805951,-1.285152853,Budburstmintomaxcubic_SoS_threshold_NDPI4,-7.531526227,132,157,206,495
-9,0.202250976,48.72957073,-0.225057784,BudburstmintomaxSoS_threshold_NDPI4,-23.85805684,185,166,145,496
23,0.336213238,51.0969386,-0.449091631,Budburstcubic_SoS_threshold_NDVI13,33.61133092,152,179,165,496
93,0.344178305,49.1788552,-0.770066831,Budburstmintomaxcubic_SoS_threshold_NDPI13,22.22357581,147,171,182,500
-23,0.333311448,51.75293815,-0.484087877,BudburstfilterSoS_threshold_NDPI5,-34.28662827,154,181,166,501
97,0.338591471,50.47367438,-0.68843398,Budburstmintomaxcubic_SoS_threshold_NDPI1,26.99908602,150,174,177,501
-20,0.113162181,49.94506469,-0.151311037,BudburstmintomaxSoS_threshold_NDGI5,-24.24581194,201,173,135,509
-6,0.651503663,56.2890608,-4.307550923,Budburstmintomaxdoublelogistic_SoS_threshold_NDPI3,5.590922752,48,207,259,514
-20,0.106057537,50.83720856,-0.155255275,BudburstfilterSoS_threshold_NDGI5,-30.18458745,202,177,136,515
-12,0.500489042,55.25817983,-1.289804198,Budburstmintomaxdoublelogistic_SoS_threshold_PPI4,-36.89887317,105,203,207,515
4,0.425861451,52.46125378,-1.483407662,Budburstdoublelogistic_SoS_threshold_NDGI2,24.42765745,123,184,211,518
-25,0.539576154,60.49046422,-1.025266101,BudburstmintomaxSoS_threshold_PPI5,-50.53152623,99,223,197,519
20,0.525123755,54.76657269,-1.687305623,Budburstdoublelogistic_SoS_threshold_NDVI1,32.75418806,101,200,220,521
49,0.267246919,53.24526388,-0.42520515,Budburstmintomaxcubic_SoS_threshold_NDGI2,37.97867785,169,192,163,524
-12,0.653108787,58.67290055,-4.841107884,Budburstmintomaxdoublelogistic_SoS_threshold_NDPI4,0.26439214,47,217,265,529
31,-0.211939972,48.53821712,0.076324996,BudburstmintomaxSoS_threshold_NDGI1,25.20316765,255,165,111,531
74,0.400041653,59.15438945,-0.801911684,Budburstmintomaxcubic_SoS_threshold_NDGI1,50.36643296,128,218,185,531
-13,0.369045575,55.18119517,-0.8560979,BudburstfilterSoS_threshold_PPI4,-36.61315888,138,202,191,531
-23,0.337358375,52.67754527,-0.902590522,BudburstSoS_threshold_NDPI5,-28.63356704,151,187,193,531
28,-0.236516153,48.96136303,0.133747868,BudburstmintomaxSoS_threshold_EVI1,23.85622887,260,169,103,532
19,0.293323907,52.42474986,-0.824552281,Budburstcubic_SoS_threshold_NDGI3,26.7337799,162,183,187,532
-25,0.011184145,47.91521094,-0.309728505,BudburstmintomaxSoS_threshold_EVI5,-33.81724051,222,158,153,533
-24,0.067353246,48.84229036,-0.337773873,BudburstSoS_threshold_NDVI5,-35.34785276,209,167,157,533
-24,0.131138768,50.57792289,-0.415350167,BudburstmintomaxSoS_threshold_NDVI5,-38.16417929,197,175,162,534
19,-0.146084675,51.06884918,0.052675416,BudburstmintomaxSoS_threshold_NDPI2,4.652147242,243,178,114,535
-25,0.036127904,48.38377067,-0.340677716,BudburstfilterSoS_threshold_EVI5,-34.81724051,216,163,159,538
-18,0.65470925,61.24782744,-5.345150633,Budburstmintomaxdoublelogistic_SoS_threshold_NDPI5,-4.572342554,46,227,267,540
56,0.281775815,55.483527,-0.549318334,Budburstmintomaxcubic_SoS_threshold_NDGI13,42.91745336,165,205,171,541
53,0.248158072,54.93181128,-0.503318798,Budburstmintomaxcubic_SoS_threshold_NDVI1,41.71337173,174,201,168,543
-24,0.132435684,52.23853032,-0.489199331,BudburstfilterSoS_threshold_NDVI5,-40.32744459,196,182,167,545
-19,0.494324897,60.98425034,-1.599376523,Budburstmintomaxdoublelogistic_SoS_threshold_PPI5,-43.53152623,107,226,213,546
-25,-0.070255114,48.84758996,-0.257407559,BudburstSoS_threshold_EVI5,-32.96009766,233,168,148,549
-23,0.234845163,54.25909959,-0.606941475,BudburstmintomaxSoS_threshold_NDPI5,-32.55193439,177,199,173,549
90,0.396708672,54.09017432,-1.92328949,Budburstcubic_SoS_threshold_NDPI2,19.24398398,131,197,227,555
10,0.384340807,56.9722457,-1.551469034,Budburstdoublelogistic_SoS_threshold_NDGI13,31.55010643,133,211,212,556
99,0.361042572,56.30517353,-1.297640514,Budburstcubic_SoS_threshold_NDPI1,32.26439214,141,208,208,557
95,0.36954496,55.6990782,-1.611707346,Budburstcubic_SoS_threshold_NDPI13,26.8970452,137,206,215,558
-22,0.346210388,53.56572529,-1.805273586,Budburstmintomaxcubic_SoS_threshold_NDPI5,-14.65397521,144,194,222,560
124,0.201148752,51.24967776,-1.0759975,BudburstSoS_threshold_NDPI3,3.019494181,186,180,198,564
77,0.056558231,54.12264952,-0.337816251,BudburstfilterSoS_threshold_PPI1,37.22357581,211,198,158,567
34,0.218199822,58.1582804,-0.62286096,Budburstcubic_SoS_threshold_NDVI1,42.85622887,181,214,174,569
-6,0.512213816,58.39121146,-3.837319848,Budburstdoublelogistic_SoS_threshold_PPI3,-4.204995615,102,216,251,569
-9,0.205073947,52.98030795,-1.119920317,BudburstSoS_threshold_NDPI4,-14.59275072,183,189,201,573
17,0.468778354,62.15785311,-1.91386441,Budburstdoublelogistic_SoS_threshold_NDGI1,41.52969826,117,232,226,575
-12,0.506964325,60.49611174,-3.690364646,Budburstdoublelogistic_SoS_threshold_PPI4,-19.18458745,103,224,248,575
77,-0.151026301,53.59502009,-0.1725186,BudburstfilterSoS_threshold_NDGI1,32.63173908,244,195,139,578
15,0.491390794,62.04637473,-3.533182515,Budburstdoublelogistic_SoS_threshold_PPI1,24.91745336,108,231,246,585
57,0.191289284,59.48037689,-0.736735106,Budburstcubic_SoS_threshold_NDGI2,40.8970452,188,219,180,587
-25,0.345616663,64.00626327,-1.170296051,BudburstfilterSoS_threshold_PPI5,-48.40907725,145,238,204,587
4,-0.000296276,53.22326302,-0.647029823,BudburstSoS_threshold_NDVI3,-0.817240513,223,191,175,589
-19,0.476357494,63.37668468,-3.252238969,Budburstdoublelogistic_SoS_threshold_PPI5,-30.67438337,114,236,242,592
8,0.485689115,62.58314438,-4.020861871,Budburstdoublelogistic_SoS_threshold_PPI13,18.34602479,111,233,255,599
-8,0.365627623,59.66276528,-3.222135803,Budburstcubic_SoS_threshold_NDPI3,4.754188059,140,220,241,601
63,0.153901538,61.90601141,-0.754850463,Budburstcubic_SoS_threshold_NDGI13,45.91745336,192,230,181,603
3,0.483269497,63.93408332,-4.490993533,Budburstdoublelogistic_SoS_threshold_PPI2,13.79500439,112,237,263,612
23,-0.216984072,56.56936786,-0.314216579,BudburstmintomaxSoS_threshold_NDPI13,14.81541255,256,209,154,619
22,-0.322880091,57.63099727,-0.190362804,BudburstSoS_threshold_EVI2,15.67255541,266,213,142,621
-20,0.062911144,56.79486959,-1.161574625,BudburstSoS_threshold_NDGI5,-14.67438337,210,210,203,623
-17,0.371046524,62.87450638,-3.866614584,Budburstcubic_SoS_threshold_NDPI4,-3.449893574,136,234,253,623
124,0.014883352,57.21145506,-0.89830098,BudburstSoS_threshold_NDPI2,19.77459622,221,212,192,625
67,0.137131181,65.73401185,-0.913223664,Budburstcubic_SoS_threshold_NDGI1,52.71337173,193,241,194,628
-10,0.436813122,71.97202832,-5.963592648,Budburstdoublelogistic_SoS_threshold_NDPI5,11.57051459,122,247,270,639
-23,0.368559393,66.85964036,-4.476069078,Budburstcubic_SoS_threshold_NDPI5,-11.16417929,139,243,261,643
-25,0.233220591,67.28636868,-1.882418498,BudburstSoS_threshold_PPI5,-41.61315888,178,244,224,646
26,-0.274190242,60.4565029,-0.407158738,BudburstmintomaxSoS_threshold_NDPI1,26.26439214,265,222,161,648
2,0.100275299,60.06730933,-1.863904047,Budburstmintomaxcubic_SoS_threshold_PPI3,12.71337173,204,221,223,648
-9,-0.077513671,58.316292,-1.106067588,BudburstSoS_threshold_NDGI4,0.876637038,235,215,200,650
0,0.399594683,75.4055656,-5.913863248,Budburstdoublelogistic_SoS_threshold_NDPI4,23.14194316,129,253,269,651
47,0.094941373,61.82911431,-1.681980992,Budburstmintomaxcubic_SoS_threshold_PPI2,23.91745336,206,229,219,654
54,0.099715212,64.35077029,-1.619336273,Budburstmintomaxcubic_SoS_threshold_PPI13,32.34602479,205,239,216,660
65,0.093591906,66.53403563,-1.601926719,Budburstmintomaxcubic_SoS_threshold_PPI1,37.46847377,207,242,214,663
135,0.344218199,85.75148816,-3.839557906,Budburstdoublelogistic_SoS_threshold_NDPI1,60.63173908,146,265,252,663
22,-0.200185575,60.61571514,-0.842484351,BudburstSoS_threshold_NDVI2,15.69296357,254,225,189,668
135,0.350353043,83.78468386,-4.494369171,Budburstdoublelogistic_SoS_threshold_NDPI13,53.01949418,143,262,264,669
-9,-0.00357593,61.82569641,-1.903782378,Budburstmintomaxcubic_SoS_threshold_PPI4,-1.429485411,225,228,225,678
14,0.335658986,80.73964602,-5.666237035,Budburstdoublelogistic_SoS_threshold_NDPI3,36.24398398,153,258,268,679
-12,0.227547818,72.04005801,-3.882904534,Budburstcubic_SoS_threshold_PPI5,-27.73560786,180,248,254,682
-17,-0.041473388,63.07987757,-1.679278071,Budburstmintomaxcubic_SoS_threshold_PPI5,-16.55193439,231,235,218,684
135,0.322173235,81.472195,-4.859823226,Budburstdoublelogistic_SoS_threshold_NDPI2,44.63173908,157,261,266,684
124,-0.079264998,71.78539125,-1.645914011,BudburstSoS_threshold_NDPI13,40.8970452,236,246,217,699
-2,0.130183026,72.63607159,-4.338564286,Budburstcubic_SoS_threshold_PPI4,-9.409077248,198,250,260,708
23,-0.404732578,69.01634387,-0.951207118,BudburstSoS_threshold_EVI13,31.01949418,269,245,196,710
4,-0.253265284,65.07970768,-1.314428085,BudburstSoS_threshold_NDGI3,15.14194316,261,240,209,710
15,0.125380014,73.45803718,-4.483333262,Budburstcubic_SoS_threshold_PPI3,9.060310508,199,251,262,712
-13,-0.03674009,72.31133518,-3.329360651,BudburstSoS_threshold_PPI4,-14.24581194,230,249,245,724
124,-0.013331755,81.30318313,-3.102377695,BudburstSoS_threshold_PPI2,45.75418806,226,260,240,726
60,0.041077317,77.18097032,-4.230673249,Budburstcubic_SoS_threshold_PPI2,23.42765745,215,256,258,729
64,0.019483445,79.91615101,-4.064430782,Budburstcubic_SoS_threshold_PPI13,32.85622887,218,257,256,731
28,-0.331572904,76.93993031,-1.46080417,BudburstSoS_threshold_EVI1,45.67255541,267,255,210,732
124,-0.167550249,83.80300517,-1.698417138,BudburstSoS_threshold_NDPI1,62.57051459,249,263,221,733
67,-0.001663056,81.1965972,-3.827789466,Budburstcubic_SoS_threshold_PPI1,37.87663704,224,259,250,733
124,-0.173932042,73.47703287,-2.961995356,BudburstSoS_threshold_PPI3,13.87663704,250,252,239,741
124,-0.27199144,75.85570209,-1.98107545,BudburstSoS_threshold_NDVI13,36.22357581,264,254,228,746
124,-0.262817752,86.36802678,-2.21940529,BudburstSoS_threshold_NDVI1,56.75418806,262,266,231,759
124,-0.232891551,84.83741132,-2.731136822,BudburstSoS_threshold_NDGI2,48.32561663,259,264,236,759
124,-0.232374499,99.24399483,-2.560510605,BudburstSoS_threshold_PPI13,77.08071867,258,269,235,762
124,-0.271332483,92.37456605,-2.511678068,BudburstSoS_threshold_NDGI13,64.34602479,263,267,234,764
124,-0.33545024,95.92367108,-2.181642453,BudburstSoS_threshold_NDGI1,73.8970452,268,268,230,766
124,-0.415679434,105.2329548,-2.363013549,BudburstSoS_threshold_PPI1,88.87663704,270,270,232,772
dif,R,RMSE,KGE,name,dif_mean,R_rank,RMSE_rank,KGE_rank,rank
