dif,R,RMSE,KGE,name,dif_mean,R_rank,RMSE_rank,KGE_rank,rank
12.9,0.817213788,7.686311468,0.872569022,Budburstcubic_SoS_threshold_NDPI13,-1.60399274,4,2,1,7
14.9,0.826043315,7.045095269,0.764687327,Budburstcubic_SoS_threshold_EVI13,0.618229482,2,1,4,7
7.9,0.810586912,7.894385963,0.780896234,Budburstfilter_cubic_SoS_threshold_NDPI13,-2.529918666,7,4,3,14
13.9,0.810157032,8.043985307,0.828640093,Budburstfilter_cubic_SoS_threshold_NDPI1,1.655266519,8,5,2,15
19.9,0.819373271,8.32923021,0.702706054,Budburstcubic_SoS_threshold_NDPI1,2.507118371,3,7,6,16
16.9,0.813339071,8.100966106,0.698037784,Budburstfilter_cubic_SoS_threshold_EVI1,3.39600726,5,6,7,18
9.9,0.802951354,7.777561291,0.732465223,Budburstfilter_cubic_SoS_threshold_EVI13,-2.159548296,11,3,5,19
6.9,0.812226387,9.131209071,0.53089869,Budburstcubic_SoS_threshold_NDPI2,-5.455844592,6,9,11,26
7.9,0.804619619,8.578609288,0.543341984,Budburstcubic_SoS_threshold_EVI2,-4.381770518,9,8,10,27
3.9,0.794812808,9.722953246,0.460643533,Budburstfilter_cubic_SoS_threshold_NDPI2,-6.085474221,12,11,15,38
21.9,0.847208536,10.09979567,0.334851475,Budburstcubic_SoS_threshold_EVI1,7.655266519,1,13,26,40
4.9,0.780938792,10.03887487,0.417728205,Budburstfilter_cubic_SoS_threshold_EVI2,-6.344733481,13,12,21,46
0.9,0.655828696,9.622433883,0.244083378,Budburstdoublelogistic_SoS_threshold_EVI13,-1.085474221,29,10,37,76
7.9,0.571124156,13.49213772,0.462306266,Budburstmintomaxcubic_SoS_threshold_EVI2,-4.60399274,48,22,14,84
5.9,0.649350464,10.80058059,0.147176718,Budburstdoublelogistic_SoS_threshold_EVI1,4.877488741,30,14,48,92
-3.1,0.680804143,10.86835853,0.131367613,Budburstdoublelogistic_SoS_threshold_EVI2,-5.529918666,28,15,49,92
-5.1,0.596219145,11.63795267,0.165196883,Budburstdoublelogistic_SoS_threshold_NDPI2,-6.011400147,36,17,44,97
-2.1,0.746744448,14.51006104,-0.036329286,Budburstcubic_SoS_threshold_NDPI3,-11.93732607,19,29,63,111
-4.1,0.533893435,14.08042179,0.331584501,BudburstmintomaxSoS_threshold_NDPI1,-8.159548296,60,27,27,114
-1.1,0.73819468,14.54624507,-0.044768279,Budburstcubic_SoS_threshold_EVI3,-11.90028904,21,30,64,115
-4.1,0.557513988,15.2203739,0.235890538,BudburstmintomaxSoS_threshold_EVI1,-9.641029777,52,33,39,124
-4.1,0.721884818,15.21886547,-0.092984304,Budburstfilter_cubic_SoS_threshold_NDPI3,-12.5669557,23,32,69,124
-3.1,0.713677998,15.83152873,-0.144885388,Budburstfilter_cubic_SoS_threshold_EVI3,-13.23362237,24,35,76,135
-9.1,0.688236688,15.36539768,-0.208610831,Budburstdoublelogistic_SoS_threshold_EVI3,-12.30769644,26,34,81,141
-1.1,0.462888649,11.10935301,0.351332987,Budburstdoublelogistic_SoS_threshold_NDPI13,0.02563689,101,16,25,142
-1.1,0.432539287,11.70477965,0.419039615,Budburstmintomaxdoublelogistic_SoS_threshold_NDPI1,1.951562816,108,18,19,145
-4.1,0.513959666,15.92696917,0.192847429,BudburstfilterSoS_threshold_EVI1,-10.19658533,70,36,42,148
13.9,0.366448345,12.68578548,0.361420024,Budburstfilterdoublelogistic_SoS_threshold_NDPI1,3.803414667,121,21,23,165
-11.1,0.634599353,17.16156024,-0.288624972,Budburstdoublelogistic_SoS_threshold_NDPI3,-14.23362237,33,44,89,166
-5.1,0.536037124,17.74301195,-0.035883531,BudburstSoS_threshold_EVI13,-13.08547422,58,49,62,169
15.9,0.43226604,12.36721568,0.210151038,Budburstmintomaxdoublelogistic_SoS_threshold_EVI1,5.02563689,109,20,41,170
-5.1,0.529111257,17.73073633,-0.017602532,BudburstmintomaxSoS_threshold_NDPI13,-12.82621496,64,48,60,172
9.9,0.343627608,12.08064615,0.310990786,Budburstmintomaxdoublelogistic_SoS_threshold_EVI13,-1.60399274,125,19,30,174
-1.1,0.639602128,18.71808032,-0.215658341,Budburstmintomaxcubic_SoS_threshold_EVI3,-14.82621496,32,61,82,175
-4.1,0.553955027,16.57319983,-0.233321976,BudburstSoS_threshold_EVI1,-6.566955703,53,39,85,177
-4.1,0.513654644,17.75134715,-0.007799765,BudburstSoS_threshold_NDVI2,-12.71510385,71,50,58,179
6.9,0.214546672,13.77455178,0.352557624,Budburstfilterdoublelogistic_SoS_threshold_NDPI13,-3.715103851,134,23,24,181
-4.1,0.513395746,17.81541686,-0.01168234,BudburstmintomaxSoS_threshold_NDVI2,-12.75214089,72,52,59,183
-4.1,0.390033676,16.51897211,0.28675691,BudburstmintomaxSoS_threshold_NDVI13,-5.122511259,114,38,35,187
-5.1,0.516872838,18.15052709,-0.065138898,BudburstmintomaxSoS_threshold_EVI13,-13.45584459,67,58,66,191
-5.1,0.502983445,17.99392278,-0.030183182,BudburstfilterSoS_threshold_NDVI2,-13.01140015,75,56,61,192
-9.1,0.292181048,13.87004568,0.225037992,Budburstmintomaxdoublelogistic_SoS_threshold_NDPI13,-5.937326073,129,25,40,194
-12.1,0.605381243,19.89721808,-0.321591332,BudburstSoS_threshold_EVI2,-16.67806681,35,69,91,195
-11.1,0.56386347,19.33005012,-0.218341184,BudburstmintomaxSoS_threshold_NDPI2,-15.38177052,50,63,83,196
-4.1,0.358263205,16.96896091,0.260963176,BudburstfilterSoS_threshold_NDVI13,-4.97436311,123,41,36,200
13.9,0.138595476,13.89373746,0.295763389,Budburstfilterdoublelogistic_SoS_threshold_EVI1,3.321933186,143,26,33,202
5.9,0.270091091,14.14640803,0.160326383,Budburstmintomaxdoublelogistic_SoS_threshold_EVI2,-6.529918666,130,28,45,203
-12.1,0.594499163,20.20227769,-0.345888029,BudburstmintomaxSoS_threshold_EVI2,-16.97436311,37,72,94,203
-3.1,0.198056504,13.86268199,0.15082864,Budburstfilter_cubic_SoS_threshold_NDVI3,-5.381770518,135,24,47,206
-12.1,0.590810712,20.33742311,-0.362819346,BudburstfilterSoS_threshold_EVI2,-17.1595483,38,74,97,209
7.9,0.053578778,14.5700108,0.316678387,Budburstfilterdoublelogistic_SoS_threshold_EVI13,-3.381770518,150,31,29,210
-5.1,0.579267178,20.2872148,-0.338884591,BudburstSoS_threshold_NDVI3,-16.90028904,46,73,92,211
-14.1,0.695988483,20.07083017,-0.577696264,Budburstdoublelogistic_SoS_threshold_EVI4,-17.90028904,25,71,116,212
-12.1,0.585733334,20.48302345,-0.370744227,BudburstfilterSoS_threshold_NDVI3,-17.27065941,40,77,98,215
-5.1,0.575988802,20.38653427,-0.344423336,BudburstmintomaxSoS_threshold_NDVI3,-16.97436311,47,76,93,216
-5.1,0.473836106,18.64268515,-0.092934268,BudburstfilterSoS_threshold_EVI13,-13.78917793,93,60,68,221
3.9,-0.059405803,16.86734157,0.288297455,Budburstfilter_cubic_SoS_threshold_NDVI2,6.39600726,160,40,34,234
-33.1,0.582128985,21.84457284,-0.508139882,BudburstSoS_threshold_NDPI3,-18.93732607,42,87,107,236
-9.1,0.582438344,20.97385029,-0.573200663,Budburstcubic_SoS_threshold_EVI4,-18.38177052,41,81,114,236
-10.1,0.580302042,20.95238619,-0.569235289,Budburstcubic_SoS_threshold_NDPI4,-18.34473348,45,80,113,238
-33.1,0.582128985,21.84457284,-0.508139882,BudburstfilterSoS_threshold_NDPI3,-18.93732607,43,88,108,239
-6.1,0.535661009,21.42883785,-0.387991047,BudburstSoS_threshold_NDGI3,-17.19658533,59,83,100,242
-33.1,0.58167412,21.89666904,-0.509662969,BudburstmintomaxSoS_threshold_NDPI3,-18.97436311,44,89,109,242
1.9,0.099284089,16.97961672,0.060125571,Budburstfilterdoublelogistic_SoS_threshold_NDPI2,-9.418807555,149,43,54,246
3.9,-0.008697857,16.97863621,0.119476656,Budburstfilterdoublelogistic_SoS_threshold_EVI2,-8.307696444,154,42,51,247
-6.1,0.533251937,21.52461059,-0.395511207,BudburstmintomaxSoS_threshold_NDGI3,-17.27065941,61,85,101,247
14.9,0.381144008,17.94133118,-0.19298767,Budburstmintomaxcubic_SoS_threshold_EVI13,2.544155408,117,54,77,248
-16.1,0.644664981,22.61540048,-0.715171342,Budburstdoublelogistic_SoS_threshold_NDPI4,-20.52991867,31,98,121,250
1.9,-0.264180924,17.91601503,0.472060366,Budburstcubic_SoS_threshold_NDVI3,4.02563689,190,53,13,256
-6.1,0.524901524,21.99467405,-0.434296264,BudburstfilterSoS_threshold_NDGI3,-17.863252,65,90,103,258
-15.1,0.172012245,17.79531775,-0.109605405,Budburstmintomaxdoublelogistic_SoS_threshold_NDPI2,-11.67806681,138,51,73,262
-6.1,-0.260563181,16.23421419,0.24096412,Budburstdoublelogistic_SoS_threshold_NDVI3,-4.085474221,189,37,38,264
21.9,0.377813162,19.75264393,-0.207704722,Budburstmintomaxcubic_SoS_threshold_EVI1,10.24785911,119,67,80,266
-6.1,-0.05545927,17.18056311,-0.054009021,Budburstcubic_SoS_threshold_NDVI4,-9.566955703,159,45,65,269
8.9,-0.345472208,17.43905233,0.371932883,Budburstfilterdoublelogistic_SoS_threshold_NDVI13,3.544155408,204,47,22,273
-10.1,0.531769776,22.07799382,-0.648308007,Budburstfilter_cubic_SoS_threshold_EVI4,-19.38177052,62,91,120,273
-0.1,-0.341354658,17.35225031,0.306428876,Budburstdoublelogistic_SoS_threshold_NDVI2,4.39600726,202,46,31,279
3.9,-0.405275242,18.03926285,0.473818314,Budburstfilterdoublelogistic_SoS_threshold_NDVI2,-2.270659407,211,57,12,280
-33.1,0.543588665,24.21794307,-0.726241032,BudburstSoS_threshold_NDPI4,-21.52991867,54,105,124,283
-18.1,0.68738873,24.678744,-0.933620994,Budburstdoublelogistic_SoS_threshold_EVI5,-22.93732607,27,114,143,284
8.9,-0.423183331,17.96763591,0.434858289,Budburstmintomaxdoublelogistic_SoS_threshold_NDVI2,2.581192445,214,55,17,286
-33.1,0.543588665,24.21794307,-0.726241032,BudburstfilterSoS_threshold_NDPI4,-21.52991867,55,106,125,286
-1.1,0.183010147,19.37847371,-0.284854432,Budburstmintomaxdoublelogistic_SoS_threshold_EVI3,-14.12251126,137,64,88,289
-33.1,0.543557655,24.26494424,-0.727274732,BudburstmintomaxSoS_threshold_NDPI4,-21.5669557,56,107,126,289
-3.1,-0.376373684,21.52066039,0.648722021,Budburstfilter_cubic_SoS_threshold_NDGI3,4.210822075,207,84,8,299
-10.1,-0.330504729,21.35499154,0.437941893,Budburstfilter_cubic_SoS_threshold_NDGI4,-7.085474221,201,82,16,299
-33.1,0.539101412,24.57426177,-0.741329502,BudburstSoS_threshold_EVI3,-21.82621496,57,113,130,300
-10.1,0.122018844,19.51263713,-0.361159885,Budburstfilter_cubic_SoS_threshold_NDVI4,-14.38177052,145,65,96,306
-11.1,-0.162680861,18.42610783,-0.112961548,Budburstdoublelogistic_SoS_threshold_NDVI4,-10.75214089,177,59,74,310
-33.1,0.514469515,24.71159467,-0.741224274,BudburstSoS_threshold_NDVI4,-21.82621496,69,116,128,313
-33.1,0.530628146,24.7262595,-0.749426667,BudburstmintomaxSoS_threshold_EVI3,-21.93732607,63,117,133,313
-4.1,0.485480589,19.93901006,-1.36624847,BudburstfilterSoS_threshold_NDGI2,-0.381770518,83,70,161,314
7.9,-0.11045478,20.49042596,-0.083152547,Budburstfilter_cubic_SoS_threshold_NDVI13,12.47008133,170,78,67,315
-12.1,0.444672208,22.15220304,-0.603169849,Budburstfilter_cubic_SoS_threshold_NDPI4,-18.97436311,104,93,118,315
0.9,-0.457728869,19.8766732,0.303717259,Budburstmintomaxdoublelogistic_SoS_threshold_NDVI3,-6.900289036,219,68,32,319
-33.1,0.515294664,24.8540015,-0.745792478,BudburstmintomaxSoS_threshold_NDVI4,-21.93732607,68,120,132,320
-33.1,0.517758495,24.88565226,-0.765434804,BudburstfilterSoS_threshold_EVI3,-22.08547422,66,121,135,322
13.9,-0.378203586,19.0840783,0.101941783,Budburstmintomaxdoublelogistic_SoS_threshold_NDVI13,8.544155408,208,62,53,323
-4.1,0.443538369,20.35448545,-0.983660248,BudburstfilterSoS_threshold_NDVI1,6.76637763,105,75,146,326
-33.1,0.505363497,24.83615567,-0.752248529,BudburstfilterSoS_threshold_NDVI4,-21.93732607,74,119,134,327
-9.1,0.557560927,26.78998032,-0.91195789,Budburstmintomaxcubic_SoS_threshold_EVI4,-23.30769644,51,134,142,327
-20.1,0.634480279,27.99036155,-1.131165584,Budburstdoublelogistic_SoS_threshold_NDPI5,-26.27065941,34,144,150,328
14.9,-0.268521613,19.63501928,-0.109519427,Budburstfilterdoublelogistic_SoS_threshold_NDVI1,11.35897022,192,66,72,330
-11.1,0.108553647,22.47255549,-0.319522271,BudburstfilterSoS_threshold_NDPI2,-8.455844592,147,96,90,333
-4.1,0.497253625,22.14992269,-1.593631885,BudburstfilterSoS_threshold_NDGI13,9.284896149,77,92,164,333
3.9,-0.36033268,20.51048131,0.057307862,Budburstdoublelogistic_SoS_threshold_NDVI13,10.28489615,205,79,55,339
-7.1,-0.501331349,24.08537346,0.418197964,Budburstfilter_cubic_SoS_threshold_PPI3,5.247859112,230,103,20,353
1.9,-0.572496548,24.1688351,0.567887087,Budburstfilterdoublelogistic_SoS_threshold_NDGI2,0.136748001,241,104,9,354
-6.1,0.389707498,24.98512478,-0.722012577,Budburstmintomaxcubic_SoS_threshold_NDVI4,-18.52991867,115,122,123,360
-3.1,-0.102743519,22.49837108,-0.374710602,Budburstfilterdoublelogistic_SoS_threshold_EVI3,-16.04843718,168,97,99,364
2.9,-0.385654883,23.54190144,0.000594543,Budburstfilter_cubic_SoS_threshold_NDGI2,12.50711837,210,101,57,368
-16.1,-0.071324722,22.24821645,-0.516860183,Budburstdoublelogistic_SoS_threshold_NDVI5,-16.90028904,163,95,110,368
5.9,-0.571390889,24.491014,0.421475405,Budburstfilterdoublelogistic_SoS_threshold_NDGI13,5.729340593,240,112,18,370
-4.1,-0.46781734,22.18256134,0.045956372,Budburstfilterdoublelogistic_SoS_threshold_NDVI3,-11.1595483,221,94,56,371
-4.1,0.508162046,24.42968783,-2.09402409,BudburstmintomaxSoS_threshold_NDGI13,12.136748,73,110,193,376
-6.1,-0.080411567,24.0587232,-0.531190978,Budburstfilterdoublelogistic_SoS_threshold_NDPI3,-18.23362237,165,102,111,378
-4.1,0.432909369,21.81250151,-1.767658931,BudburstmintomaxSoS_threshold_NDGI2,1.136748001,107,86,186,379
-7.1,0.107684699,24.69283545,-0.721580839,Budburstmintomaxdoublelogistic_SoS_threshold_EVI4,-20.38177052,148,115,122,385
-13.1,-0.585336458,25.36154148,0.325957029,Budburstdoublelogistic_SoS_threshold_NDGI4,-2.641029777,245,123,28,396
21.9,0.587819488,29.75655435,-2.391900684,BudburstfilterSoS_threshold_NDGI1,22.09971096,39,157,200,396
-4.1,0.471107335,23.25113156,-2.467737153,BudburstfilterSoS_threshold_PPI2,2.618229482,95,99,202,396
-5.1,0.297986566,25.59094419,-0.958500105,BudburstSoS_threshold_PPI4,-16.27065941,127,126,144,397
14.9,-0.153061633,24.43317101,-0.559973417,Budburstfilter_cubic_SoS_threshold_NDVI1,18.47008133,175,111,112,398
-12.1,0.292377241,25.90982989,-0.976183115,BudburstfilterSoS_threshold_PPI4,-16.71510385,128,127,145,400
20.9,-0.30720594,23.32292756,-0.464388359,Budburstmintomaxdoublelogistic_SoS_threshold_NDVI1,16.65526652,197,100,105,402
1.9,0.133237506,24.42848203,-1.283048237,Budburstmintomaxcubic_SoS_threshold_NDVI3,-3.937326073,144,109,156,409
-5.1,-0.566990639,25.91529736,0.154037865,Budburstfilterdoublelogistic_SoS_threshold_NDGI3,-8.641029777,237,128,46,411
-6.1,-0.491651381,24.26955689,-0.204192492,Budburstmintomaxdoublelogistic_SoS_threshold_NDVI4,-14.5669557,224,108,79,411
-24.1,-0.010480969,25.49102442,-0.745151715,Budburstmintomaxdoublelogistic_SoS_threshold_NDPI3,-20.75214089,156,125,131,412
-4.1,0.568594921,30.95790982,-2.628685388,BudburstfilterSoS_threshold_PPI1,22.87748874,49,163,204,416
-18.1,-0.568461307,25.94890591,0.124428131,Budburstdoublelogistic_SoS_threshold_NDGI5,-9.752140888,238,129,50,417
-1.1,-0.51167159,25.44942314,-0.097059529,Budburstfilter_cubic_SoS_threshold_PPI2,13.8404517,231,124,70,425
4.9,-0.634880948,26.34776435,0.191738969,Budburstmintomaxdoublelogistic_SoS_threshold_NDGI3,1.39600726,251,132,43,426
-33.1,0.473998807,32.03882834,-1.595948211,BudburstSoS_threshold_NDPI5,-26.82621496,91,171,165,427
-33.1,0.493238607,32.08961146,-1.605324865,BudburstSoS_threshold_EVI4,-27.08547422,80,175,172,427
-5.1,0.377972357,24.72912597,-2.023178845,BudburstfilterSoS_threshold_PPI3,-9.122511259,118,118,191,427
-33.1,0.485878299,31.39930764,-1.669131877,BudburstSoS_threshold_NDGI4,-25.67806681,82,164,182,428
-33.1,0.487704216,32.27136444,-1.603602989,BudburstfilterSoS_threshold_EVI4,-27.30769644,81,180,168,429
-33.1,0.473998807,32.03882834,-1.595948211,BudburstfilterSoS_threshold_NDPI5,-26.82621496,92,172,166,430
-33.1,0.47549865,32.07437098,-1.603802382,BudburstmintomaxSoS_threshold_NDPI5,-26.863252,89,174,169,432
-33.1,0.477518283,32.06147312,-1.604634019,BudburstSoS_threshold_NDVI5,-26.863252,88,173,171,432
-33.1,0.485186853,31.47180856,-1.675974035,BudburstmintomaxSoS_threshold_NDGI4,-25.75214089,84,165,183,432
-33.1,0.478193811,32.10334061,-1.604227577,BudburstfilterSoS_threshold_NDVI5,-26.93732607,87,176,170,433
-4.1,0.470373654,27.1172423,-2.449523318,BudburstfilterSoS_threshold_PPI13,15.09971096,96,136,201,433
-1.1,-0.623421439,26.69385429,0.110586824,Budburstmintomaxdoublelogistic_SoS_threshold_NDGI4,-6.085474221,250,133,52,435
-33.1,0.494959661,32.40438769,-1.643038198,BudburstmintomaxSoS_threshold_EVI4,-27.41880755,78,181,176,435
-33.1,0.483204663,32.2102082,-1.637787708,BudburstmintomaxSoS_threshold_NDVI5,-27.01140015,85,177,175,437
-33.1,0.463816713,31.92124533,-1.662699361,BudburstfilterSoS_threshold_NDGI4,-26.23362237,99,169,178,446
-33.1,0.493945472,33.381025,-1.665422266,BudburstSoS_threshold_NDGI5,-28.78917793,79,188,181,448
-33.1,0.498504114,33.48658402,-1.686994393,BudburstmintomaxSoS_threshold_NDGI5,-28.90028904,76,189,184,449
6.9,-0.434430783,26.08648013,-0.417781263,Budburstfilter_cubic_SoS_threshold_NDGI13,17.50711837,217,131,102,450
12.9,-0.578335022,27.15981154,-0.102071766,Budburstfilterdoublelogistic_SoS_threshold_NDGI1,13.32193319,243,137,71,451
-9.1,-0.156651865,27.66361671,-0.826398437,Budburstfilterdoublelogistic_SoS_threshold_EVI4,-22.27065941,176,141,138,455
-33.1,0.473557941,33.50599289,-1.636121828,BudburstSoS_threshold_EVI5,-28.90028904,94,191,174,459
-33.1,0.479747602,33.6483434,-1.664646739,BudburstmintomaxSoS_threshold_EVI5,-29.04843718,86,193,180,459
-4.1,0.474722544,27.26970958,-4.164174898,BudburstSoS_threshold_NDVI13,2.210822075,90,139,230,459
-12.1,0.038286894,29.878147,-1.13615918,Budburstmintomaxdoublelogistic_SoS_threshold_EVI5,-26.04843718,151,158,151,460
-8.1,-0.60844971,27.65603678,-0.116861601,Budburstcubic_SoS_threshold_NDGI5,-6.23362237,248,140,75,463
-14.1,-0.344933798,27.71956954,-0.631189143,Budburstcubic_SoS_threshold_NDVI5,-20.30769644,203,142,119,464
2.9,-0.496773566,27.03992735,-0.43475445,Budburstfilter_cubic_SoS_threshold_PPI13,17.91452578,226,135,104,465
-5.1,0.118202546,26.06898819,-1.865491671,BudburstfilterSoS_threshold_NDPI13,1.877488741,146,130,190,466
-10.1,-0.491789569,27.24567986,-0.489414885,Budburstfilterdoublelogistic_SoS_threshold_NDVI4,-18.52991867,225,138,106,469
-7.1,-0.580198637,27.90168308,-0.233118846,Budburstdoublelogistic_SoS_threshold_NDGI3,5.877488741,244,143,84,471
-33.1,0.459403242,33.98208975,-1.616203342,BudburstfilterSoS_threshold_EVI5,-29.60399274,103,195,173,471
-33.1,0.4606912,34.26031776,-1.645396944,BudburstfilterSoS_threshold_NDGI5,-29.90028904,102,197,177,476
11.9,-0.646669315,28.66867625,-0.19858839,Budburstmintomaxdoublelogistic_SoS_threshold_NDGI2,10.58119245,252,147,78,477
90.9,0.343974766,28.05847424,-3.000923372,BudburstmintomaxSoS_threshold_NDVI1,10.61822948,124,145,210,479
-1.1,-0.619590003,28.63432401,-0.26059609,Budburstcubic_SoS_threshold_NDGI4,8.951562816,249,146,86,481
-6.1,-0.605060387,28.89549769,-0.266818611,Budburstmintomaxdoublelogistic_SoS_threshold_NDGI5,-12.97436311,246,150,87,483
-16.1,-0.073957208,31.55698183,-1.183350246,Budburstcubic_SoS_threshold_EVI5,-27.08547422,164,167,153,484
-11.1,-0.568790002,29.1884768,-0.353427048,Budburstfilterdoublelogistic_SoS_threshold_NDGI4,-15.75214089,239,153,95,487
13.9,-0.001470099,28.74872146,-1.735302722,Budburstmintomaxcubic_SoS_threshold_NDVI2,10.91452578,153,149,185,487
-2.1,0.237961216,29.02923045,-2.666769085,Budburstmintomaxcubic_SoS_threshold_NDPI3,-12.12251126,131,152,206,489
-13.1,-0.193035758,30.47906892,-1.056997464,Budburstfilterdoublelogistic_SoS_threshold_NDPI4,-25.38177052,183,162,149,494
13.9,-0.488038297,29.92219814,-0.573627176,Budburstcubic_SoS_threshold_NDVI2,19.65526652,223,159,115,497
-4.1,0.747723195,39.30715278,-10.3327108,BudburstSoS_threshold_NDGI2,17.69230356,18,222,257,497
13.9,-0.434268954,28.68360456,-0.823784726,Budburstfilter_cubic_SoS_threshold_NDGI1,22.21082207,216,148,137,501
6.9,0.149374797,29.01728863,-3.151934698,Budburstmintomaxcubic_SoS_threshold_NDPI2,-0.641029777,140,151,213,504
-31.1,-0.143726562,32.21377324,-1.279218771,Budburstmintomaxdoublelogistic_SoS_threshold_NDPI4,-27.97436311,173,178,155,506
-11.1,-0.498698833,29.47158711,-0.729170528,Budburstmintomaxdoublelogistic_SoS_threshold_NDVI5,-21.60399274,228,156,127,511
-4.1,0.140260386,30.13272708,-2.771144235,BudburstfilterSoS_threshold_NDPI1,11.4330443,142,161,208,511
-5.1,-0.516515176,29.29949626,-0.741275814,Budburstcubic_SoS_threshold_PPI4,5.692303556,233,154,129,516
-14.1,0.221029479,35.86789409,-1.664352009,Budburstmintomaxcubic_SoS_threshold_NDVI5,-29.863252,133,204,179,516
7.9,-0.498579312,29.45163395,-0.843303963,Budburstfilter_cubic_SoS_threshold_PPI1,22.61822948,227,155,139,521
-14.1,-0.197375821,32.82003163,-1.259346162,Budburstfilterdoublelogistic_SoS_threshold_EVI5,-28.04843718,184,185,154,523
-5.1,0.3928589,33.62390504,-3.569035506,BudburstmintomaxSoS_threshold_PPI4,-21.12251126,113,192,222,527
-4.1,0.370573664,32.53376278,-4.162224324,BudburstmintomaxSoS_threshold_PPI3,-16.1595483,120,182,229,531
-16.1,0.320655004,38.15870329,-1.800374698,Budburstmintomaxcubic_SoS_threshold_EVI5,-34.1595483,126,218,188,532
-18.1,-0.499303435,32.01356136,-0.798187547,Budburstfilter_cubic_SoS_threshold_NDGI5,-22.45584459,229,170,136,535
-15.1,-0.520866179,30.01447555,-0.852109961,Budburstfilter_cubic_SoS_threshold_PPI4,-7.678066814,235,160,140,535
-4.1,0.739356158,51.91781062,-12.25591511,BudburstSoS_threshold_NDGI13,35.28489615,20,255,260,535
16.9,-0.656727353,31.53249408,-0.582547775,Budburstmintomaxdoublelogistic_SoS_threshold_NDGI13,16.47008133,253,166,117,536
-17.1,-0.218022165,33.84084442,-1.318204152,Budburstfilter_cubic_SoS_threshold_EVI5,-28.93732607,185,194,158,537
8.9,-0.242548609,33.50053473,-1.364112431,Budburstdoublelogistic_SoS_threshold_NDVI1,20.76637763,188,190,159,537
90.9,0.749819333,58.16173559,-13.77938123,BudburstSoS_threshold_NDVI1,42.02563689,16,261,262,539
71.9,0.804576014,58.74156874,-16.27018045,BudburstSoS_threshold_PPI2,39.76637763,10,262,269,541
-17.1,-0.424137005,32.24943541,-1.019131152,Budburstfilter_cubic_SoS_threshold_NDVI5,-25.38177052,215,179,148,542
-17.1,-0.240789864,34.68824457,-1.293314697,Budburstcubic_SoS_threshold_NDPI5,-28.93732607,187,198,157,542
71.9,0.778250342,65.93531963,-14.46369572,BudburstSoS_threshold_NDGI1,51.98859985,15,266,263,544
99.9,0.778920934,67.79301065,-14.67538959,BudburstSoS_threshold_PPI1,54.136748,14,267,265,546
-1.1,-0.111899384,31.70365244,-3.011604531,Budburstmintomaxcubic_SoS_threshold_NDGI4,-2.085474221,171,168,211,550
90.9,0.729309324,64.69273803,-14.58448287,BudburstSoS_threshold_PPI13,49.58119245,22,265,264,551
71.9,0.418023168,36.02257155,-4.62908151,BudburstmintomaxSoS_threshold_NDGI1,22.17378504,111,205,236,552
19.9,0.167565713,33.09040225,-4.157416412,Budburstmintomaxcubic_SoS_threshold_NDPI1,11.58119245,139,186,228,553
104.9,0.748531515,71.67565283,-15.82333015,BudburstSoS_threshold_NDPI1,57.39600726,17,269,268,554
-10.1,0.189595602,35.11705849,-3.509505605,Budburstmintomaxcubic_SoS_threshold_NDPI4,-20.27065941,136,200,220,556
71.9,0.428595816,34.04690585,-7.11280447,BudburstmintomaxSoS_threshold_PPI2,-1.492881629,110,196,250,556
12.9,0.146337403,32.7577102,-4.44303798,Budburstmintomaxcubic_SoS_threshold_NDPI13,6.840451704,141,184,233,558
-19.1,-0.301016276,35.84224025,-1.365601043,Budburstfilter_cubic_SoS_threshold_NDPI5,-29.863252,196,203,160,559
-16.1,-0.51700396,32.69810313,-1.003783184,Budburstfilterdoublelogistic_SoS_threshold_NDVI5,-25.23362237,234,183,147,564
-19.1,-0.278320705,36.66750039,-1.55689397,Budburstfilterdoublelogistic_SoS_threshold_NDPI5,-31.97436311,193,210,163,566
-17.1,-0.572522003,33.33688203,-0.853152285,Budburstfilterdoublelogistic_SoS_threshold_NDGI5,-22.23362237,242,187,141,570
2.9,-0.010159232,34.72446186,-3.450549182,Budburstdoublelogistic_SoS_threshold_NDPI1,15.24785911,155,199,219,573
99.9,0.437471052,37.52233778,-7.402168461,BudburstmintomaxSoS_threshold_PPI1,15.24785911,106,215,253,574
-33.1,0.366052898,42.97646342,-4.111646942,BudburstSoS_threshold_PPI5,-33.60399274,122,230,226,578
22.9,-0.382946891,37.79361815,-1.466059236,Budburstcubic_SoS_threshold_NDVI13,28.06267393,209,216,162,587
-8.1,-0.148860675,35.7203518,-3.141585081,Budburstmintomaxcubic_SoS_threshold_NDGI5,-16.1595483,174,202,212,588
4.9,-0.319696299,35.42422797,-1.802130379,Budburstcubic_SoS_threshold_PPI3,20.4330443,199,201,189,589
90.9,0.412964033,39.06535086,-9.261127424,BudburstmintomaxSoS_threshold_PPI13,8.358970223,112,221,256,589
11.9,-0.480025321,36.37853674,-1.59826686,Budburstcubic_SoS_threshold_NDGI3,21.4330443,222,208,167,597
-38.1,-0.264767654,38.75945956,-1.79238064,Budburstmintomaxdoublelogistic_SoS_threshold_NDPI5,-34.75214089,191,220,187,598
-4.1,0.469899494,45.51615648,-13.07685674,BudburstSoS_threshold_PPI3,12.87748874,97,240,261,598
-33.1,0.463196962,50.14878248,-7.028569259,BudburstmintomaxSoS_threshold_PPI5,-38.45584459,100,251,249,600
33.9,-0.218027447,40.21377405,-2.122678203,Budburstcubic_SoS_threshold_PPI2,29.58119245,186,225,195,606
-33.1,0.3819116,47.09610052,-5.691161739,BudburstfilterSoS_threshold_PPI5,-35.93732607,116,246,246,608
-5.1,0.018336572,37.47772303,-5.688630517,Budburstmintomaxcubic_SoS_threshold_PPI4,-9.529918666,152,214,245,611
22.9,-0.657332707,36.32083861,-1.136210565,Budburstmintomaxdoublelogistic_SoS_threshold_NDGI1,24.17378504,254,206,152,612
64.9,-0.190288437,43.77001698,-2.385514182,Budburstcubic_SoS_threshold_PPI13,34.69230356,180,233,199,612
22.9,-0.122686659,39.34032563,-3.44765113,Budburstmintomaxcubic_SoS_threshold_NDVI13,23.06267393,172,223,218,613
34.9,-0.279747222,43.85124046,-2.108336252,Budburstcubic_SoS_threshold_NDVI1,36.02563689,194,234,194,622
34.9,-0.080693266,44.83945493,-3.330921152,Budburstmintomaxcubic_SoS_threshold_NDVI1,33.54415541,166,239,217,622
34.9,-0.318654003,42.47682259,-2.16129007,Budburstcubic_SoS_threshold_NDGI2,32.35897022,198,229,196,623
104.9,0.46817584,59.35226392,-15.50703187,BudburstSoS_threshold_NDPI13,36.24785911,98,263,266,627
-11.1,0.223280746,44.82697542,-10.81809324,BudburstSoS_threshold_NDPI2,11.65526652,132,238,259,629
-17.1,-0.046992976,46.06653577,-4.622568264,Budburstmintomaxcubic_SoS_threshold_NDPI5,-31.71510385,158,241,235,634
4.9,-0.020856634,41.89025608,-7.591972994,Budburstmintomaxcubic_SoS_threshold_PPI3,10.61822948,157,228,254,639
11.9,-0.183005775,39.61956345,-4.878288747,Budburstmintomaxcubic_SoS_threshold_NDGI3,15.21082207,179,224,239,642
68.9,-0.192642333,50.25570484,-2.862315289,Budburstcubic_SoS_threshold_PPI1,42.8404517,182,252,209,643
64.9,-0.325071071,47.53107721,-2.574340419,Budburstcubic_SoS_threshold_NDGI13,38.76637763,200,248,203,651
34.9,-0.181165889,46.14939414,-4.205560416,Budburstmintomaxcubic_SoS_threshold_NDGI2,31.4330443,178,242,231,651
33.9,-0.069068379,46.3005924,-6.124300544,Budburstmintomaxcubic_SoS_threshold_PPI2,27.06267393,161,244,247,652
64.9,-0.069689688,48.63295237,-5.397183283,Budburstmintomaxcubic_SoS_threshold_PPI13,33.24785911,162,249,244,655
1.9,-0.70087149,36.35957436,-2.311062955,Budburstfilterdoublelogistic_SoS_threshold_PPI1,8.507118371,257,207,197,661
64.9,-0.192504975,50.355565,-4.129103942,Budburstmintomaxcubic_SoS_threshold_NDGI13,38.17378504,181,253,227,661
68.9,-0.085708589,52.63535619,-4.798680892,Budburstmintomaxcubic_SoS_threshold_PPI1,40.72934059,167,257,237,661
9.9,-0.703510677,36.46620614,-2.368172805,Budburstmintomaxdoublelogistic_SoS_threshold_PPI13,8.062673927,263,209,198,670
15.9,-0.708736997,37.01703251,-2.053574522,Budburstmintomaxdoublelogistic_SoS_threshold_PPI1,14.09971096,269,213,192,674
-14.1,-0.108180733,52.61909599,-7.123269726,Budburstmintomaxcubic_SoS_threshold_PPI5,-34.45584459,169,256,251,676
68.9,-0.282449054,56.35083441,-3.982798439,Budburstmintomaxcubic_SoS_threshold_NDGI1,46.61822948,195,260,225,680
5.9,-0.704069988,36.71880703,-2.666346361,Budburstmintomaxdoublelogistic_SoS_threshold_PPI2,3.39600726,266,211,205,682
-4.1,-0.703669477,36.73462742,-2.704595683,Budburstfilterdoublelogistic_SoS_threshold_PPI13,1.951562816,264,212,207,683
-1.1,-0.419516661,44.02111246,-4.858125325,Budburstdoublelogistic_SoS_threshold_NDGI2,20.8404517,213,236,238,687
-9.1,-0.703347538,37.99491732,-3.153758931,Budburstfilterdoublelogistic_SoS_threshold_PPI2,-2.789177925,262,217,214,693
68.9,-0.463394275,55.81089174,-3.191102881,Budburstcubic_SoS_threshold_NDGI1,47.95156282,220,258,215,693
-1.1,-0.702734805,38.34977531,-3.266075262,Budburstmintomaxdoublelogistic_SoS_threshold_PPI3,-3.678066814,261,219,216,696
-7.1,-0.702417895,40.51576405,-3.772917892,Budburstmintomaxdoublelogistic_SoS_threshold_PPI4,-9.678066814,258,226,223,707
3.9,-0.44574159,48.78275487,-5.288863657,Budburstdoublelogistic_SoS_threshold_NDGI13,28.47008133,218,250,243,711
-17.1,-0.705309156,40.84852773,-3.839139718,Budburstfilterdoublelogistic_SoS_threshold_PPI3,-10.34473348,267,227,224,718
-26.1,-0.681329269,46.21496037,-3.552326973,Budburstfilter_cubic_SoS_threshold_PPI5,-27.27065941,255,243,221,719
-14.1,-0.607721501,43.88982971,-5.067002678,Budburstcubic_SoS_threshold_PPI5,-14.49288163,247,235,240,722
-12.1,-0.702587548,43.14709439,-4.301933475,Budburstmintomaxdoublelogistic_SoS_threshold_PPI5,-14.93732607,259,232,232,723
9.9,-0.364683262,63.0727498,-8.871265966,Budburstdoublelogistic_SoS_threshold_NDGI1,43.47008133,206,264,255,725
-23.1,-0.703921115,44.05453959,-4.495931039,Budburstfilterdoublelogistic_SoS_threshold_PPI4,-16.34473348,265,237,234,736
-3.1,-0.738384022,43.13461318,-5.096673766,Budburstdoublelogistic_SoS_threshold_PPI3,-3.492881629,270,231,241,742
7.9,-0.414688951,68.86760871,-15.6008037,Budburstdoublelogistic_SoS_threshold_PPI13,37.32193319,212,268,267,747
-29.1,-0.702712313,47.42864945,-5.096898892,Budburstfilterdoublelogistic_SoS_threshold_PPI5,-21.863252,260,247,242,749
3.9,-0.56258315,55.82738817,-10.61555699,Budburstdoublelogistic_SoS_threshold_PPI2,20.72934059,236,259,258,753
-8.1,-0.707358172,46.76999718,-6.334642835,Budburstdoublelogistic_SoS_threshold_PPI4,-11.64102978,268,245,248,761
-13.1,-0.694918739,50.42479272,-7.314048933,Budburstdoublelogistic_SoS_threshold_PPI5,-18.12251126,256,254,252,762
13.9,-0.514835652,78.30014742,-16.69948129,Budburstdoublelogistic_SoS_threshold_PPI1,49.95156282,232,270,270,772
